agent_id,name,team,tier,site,shift,closed_per_week,closed_total,repeat_rate_30d,csat_avg,csat_n,median_days_to_resolve,rank_in_team
A3033,Diya Singh,Billing,1,Bengaluru,Day,10.0,123,0.049,3.47,47,0.0,1
A3032,Diya Malhotra,Billing,1,Bengaluru,Morning,4.0,48,0.062,3.17,23,0.0,2
A3034,Manpreet Mukherjee,Billing,1,Indore,Morning,4.0,52,0.019,3.57,28,0.0,2
A3035,Mohammed Jadhav,Billing,1,Indore,Morning,3.0,39,0.051,3.18,17,0.1,4
A3011,Kavya Goyal,Chat Frontline,1,Bengaluru,Morning,5.0,62,0.081,3.85,27,0.0,1
A3002,Zoya Srivastava,Chat Frontline,1,Indore,Night,4.0,47,0.021,3.64,14,0.1,2
A3003,Rohit Yadav,Chat Frontline,1,Indore,Night,4.0,46,0.022,3.48,23,0.1,2
A3006,Tenzin Saxena,Chat Frontline,1,Bengaluru,Morning,4.0,53,0.038,3.64,25,0.0,2
A3012,Rahul Sen,Chat Frontline,1,Bengaluru,Morning,4.0,48,0.062,3.32,22,0.0,2
A3001,Shreya Kumar,Chat Frontline,1,Indore,Night,3.0,48,0.083,3.2,20,0.1,6
A3004,Aishwarya Shinde,Chat Frontline,1,Bengaluru,Morning,3.0,51,0.059,3.67,18,0.0,6
A3007,Shreya Dhillon,Chat Frontline,1,Bengaluru,Day,3.0,38,0.105,3.44,16,0.0,6
A3010,Om Varghese,Chat Frontline,1,Indore,Day,3.0,39,0.051,3.5,14,0.0,6
A3013,Ayaan Dutta,Chat Frontline,1,Bengaluru,Day,3.0,31,0.097,3.38,13,0.0,6
A3014,Manpreet Iyer,Chat Frontline,1,Bengaluru,Day,3.0,41,0.122,3.64,22,0.0,6
A3005,Sameer Menon,Chat Frontline,1,Indore,Day,2.0,28,0.143,3.33,9,0.0,12
A3008,Manish Jain,Chat Frontline,1,Indore,Day,2.0,25,0.0,3.62,13,0.0,12
A3009,Sameer Agarwal,Chat Frontline,1,Bengaluru,Day,2.0,30,0.1,3.27,15,0.0,12
A3015,Faisal Pereira,Chat Frontline,1,Indore,Day,2.0,28,0.179,3.62,13,0.0,12
A3019,Kavya D'Souza,Email Frontline,1,Bengaluru,Day,8.0,83,0.06,3.42,36,0.2,1
A3021,Pooja Dhillon,Email Frontline,1,Bengaluru,Day,5.0,67,0.075,3.26,35,0.1,2
A3016,Ayaan Pawar,Email Frontline,1,Indore,Night,4.0,55,0.109,2.92,26,0.1,3
A3017,Kabir Mathew,Email Frontline,1,Indore,Night,3.0,45,0.133,3.53,17,0.1,4
A3018,Sukhwinder Bose,Email Frontline,1,Bengaluru,Morning,3.0,39,0.051,3.53,15,0.1,4
A3022,Yash Mittal,Email Frontline,1,Bengaluru,Morning,3.0,33,0.061,3.15,13,0.1,4
A3020,Ankit Ansari,Email Frontline,1,Bengaluru,Morning,2.0,41,0.195,3.3,20,0.1,7
A3029,Geeta Rathore,Logistics,1,Indore,Day,8.0,98,0.122,3.35,43,1.0,1
A3027,Rajat Saxena,Logistics,1,Indore,Morning,7.0,88,0.125,2.75,40,2.0,2
A3031,Aishwarya Agarwal,Logistics,1,Indore,Day,7.0,99,0.101,3.26,54,1.1,2
A3028,Tarun Pereira,Logistics,1,Bengaluru,Morning,6.0,75,0.107,3.0,40,2.0,4
A3030,Gurpreet Kulkarni,Logistics,1,Bengaluru,Morning,4.0,58,0.103,2.95,21,1.1,5
A3037,Vivaan Sethi,Returns Desk,1,Bengaluru,Day,7.0,92,0.076,3.14,43,1.0,1
A3036,Saanvi Saxena,Returns Desk,1,Bengaluru,Morning,5.0,63,0.095,2.88,24,2.0,2
A3038,Pooja Patil,Returns Desk,1,Indore,Morning,4.0,58,0.121,2.96,24,1.1,3
A3023,Farah George,Voice Frontline,1,Indore,Day,3.0,31,0.129,3.0,10,0.0,1
A3024,Mohammed Kaur,Voice Frontline,1,Indore,Day,3.0,34,0.0,3.64,14,0.0,1
A3025,Riya Siddiqui,Voice Frontline,1,Bengaluru,Day,3.0,36,0.083,3.42,12,0.1,1
A3026,Vihaan Dutta,Voice Frontline,1,Bengaluru,Day,3.0,38,0.132,3.5,18,0.0,1
