order_id,tickets,n,teams,reasons,refunds,replacements,rep_cost,order_value,first,over_refund,leak_inr,type,remedied_orders
VR895861,"TK-249836, TK-250036, TK-250468, TK-250748",4,Billing + Returns Desk,"DUP-PAYMENT,RETURN-QC-OK,DUP-PAYMENT,DUP-PAYMENT",41592.0,0,0,10398,2026-02-02 10:27:00,31194.0,31194.0,refunded above order value,1833
VR903983,"TK-243193, TK-243327, TK-243748, TK-244519",4,Billing + Returns Desk,"DUP-PAYMENT,RETURN-QC-OK,RETURN-QC-OK,RETURN-QC-OK",19996.0,0,0,4999,2025-07-19 13:09:00,14997.0,14997.0,refunded above order value,1833
VR897600,"TK-254540, TK-254604",2,Chat Frontline + Logistics,"CANCEL,RETURN-QC-OK",25996.0,0,0,12998,2026-06-21 03:26:00,12998.0,12998.0,refunded above order value,1833
VR896636,"TK-248037, TK-249147, TK-250086",3,Chat Frontline + Voice Frontline,"DUP-PAYMENT,DUP-PAYMENT,DUP-PAYMENT",19497.0,0,0,6499,2025-12-12 10:53:00,12998.0,12998.0,refunded above order value,1833
VR907148,"TK-245068, TK-247183, TK-253158, TK-253189",4,Billing + Email Frontline + Logistics,"DUP-PAYMENT,DUP-PAYMENT,CANCEL,DOA-REPL",13996.0,0,0,3499,2025-09-25 14:39:00,10497.0,10497.0,refunded above order value,1833
VR907631,"TK-248512, TK-248845, TK-249322, TK-249826",4,Returns Desk + Billing + Chat Frontline,"RETURN-QC-OK,PRICE-ADJ,PRICE-ADJ",11994.0,1,1460,3998,2025-12-25 21:12:00,7996.0,9456.0,refund+replacement,1833
VR889387,"TK-240616, TK-240691, TK-241044",3,Returns Desk + Billing + Escalations & Warranty,"RETURN-QC-OK,DUP-PAYMENT",12998.0,1,2790,6499,2025-02-18 19:31:00,6499.0,9289.0,refund+replacement,1833
VR902491,"TK-243772, TK-244194, TK-244809, TK-245457",4,Returns Desk + Voice Frontline,"RETURN-QC-OK,RETURN-QC-OK,RETURN-QC-OK",10497.0,1,1820,3499,2025-08-13 19:10:00,6998.0,8818.0,refund+replacement,1833
VR890151,"TK-240745, TK-241088, TK-241204",3,Billing + Returns Desk,"RETURN-QC-OK,RETURN-QC-OK,RETURN-QC-OK",15398.0,0,0,6999,2025-02-27 13:01:00,8399.0,8399.0,refunded above order value,1833
VR909414,"TK-245983, TK-246295, TK-247538",3,Logistics + Returns Desk,"RETURN-QC-OK,RETURN-QC-OK",10398.0,1,2790,5199,2025-10-22 12:56:00,5199.0,7989.0,refund+replacement,1833
VR893142,"TK-253756, TK-254435, TK-254579",3,Billing + Returns Desk,"DUP-PAYMENT,DUP-PAYMENT,RETURN-QC-OK",14298.0,0,0,6499,2026-05-28 07:06:00,7799.0,7799.0,refunded above order value,1833
VR881415,"TK-245682, TK-245696, TK-245826, TK-248293",4,Billing + Voice Frontline + Logistics + Chat Frontline,"DUP-PAYMENT,DUP-PAYMENT,DOA-REPL",9348.0,1,2440,4249,2025-10-14 10:32:00,5099.0,7539.0,refund+replacement,1833
VR903368,"TK-242301, TK-242497, TK-242719",3,Billing,"DUP-PAYMENT,DUP-PAYMENT,DUP-PAYMENT",13973.0,0,0,6499,2025-05-29 13:48:00,7474.0,7474.0,refunded above order value,1833
VR904790,"TK-246849, TK-247503, TK-248059, TK-248097, TK-249450",5,Chat Frontline + Email Frontline,DOA-REPL,3149.0,4,7280,3149,2025-11-12 22:39:00,0.0,7280.0,refund+replacement,1833
VR898009,"TK-243394, TK-243602, TK-244408",3,Returns Desk,"RETURN-QC-OK,RETURN-QC-OK,RETURN-QC-OK",13088.0,0,0,5949,2025-07-29 02:47:00,7139.0,7139.0,refunded above order value,1833
VR883322,"TK-253075, TK-253271",2,Billing + Returns Desk,"DUP-PAYMENT,RETURN-QC-OK",13998.0,0,0,6999,2026-05-09 19:58:00,6999.0,6999.0,refunded above order value,1833
VR909302,"TK-253783, TK-254602, TK-254890",3,Billing + Returns Desk,"DUP-PAYMENT,RETURN-QC-OK,DUP-PAYMENT",10497.0,0,0,3499,2026-05-28 16:18:00,6998.0,6998.0,refunded above order value,1833
VR891575,"TK-243667, TK-243907, TK-244606",3,Returns Desk,"RETURN-QC-OK,RETURN-QC-OK,RETURN-QC-OK",9972.0,0,0,3324,2025-08-10 08:11:00,6648.0,6648.0,refunded above order value,1833
VR909634,"TK-245078, TK-245949",2,Chat Frontline + Email Frontline,"PRICE-ADJ,PRICE-ADJ",12998.0,0,0,6499,2025-09-25 20:48:00,6499.0,6499.0,refunded above order value,1833
VR900859,"TK-244556, TK-245028, TK-245218",3,Billing + Returns Desk,"DUP-PAYMENT,RETURN-QC-OK,DUP-PAYMENT",9447.0,0,0,3149,2025-09-08 09:53:00,6298.0,6298.0,refunded above order value,1833
VR880243,"TK-241323, TK-241975, TK-242561",3,Billing + Chat Frontline,DUP-PAYMENT,1050.0,2,5980,6999,2025-04-03 12:46:00,0.0,5980.0,refund+replacement,1833
VR888967,"TK-243227, TK-243698, TK-244735",3,Logistics + Chat Frontline,RETURN-QC-OK,1120.0,2,5980,5599,2025-07-20 21:24:00,0.0,5980.0,refund+replacement,1833
VR898394,"TK-250158, TK-250540, TK-251629",3,Logistics + Returns Desk,RETURN-QC-OK,6999.0,2,5980,6999,2026-02-12 12:51:00,0.0,5980.0,refund+replacement,1833
VR892790,"TK-247089, TK-250738",2,Email Frontline + Returns Desk,"CANCEL,RETURN-QC-OK",11698.0,0,0,5849,2025-11-19 09:16:00,5849.0,5849.0,refunded above order value,1833
VR882646,"TK-244064, TK-244417, TK-245211, TK-251285",4,Returns Desk + Chat Frontline,"RETURN-QC-OK,RETURN-QC-OK,RETURN-QC-OK,PRICE-ADJ",9273.0,0,0,3499,2025-08-23 09:58:00,5774.0,5774.0,refunded above order value,1833
VR896067,"TK-240283, TK-240352",2,Billing + Returns Desk,"DUP-PAYMENT,RETURN-QC-OK",11398.0,0,0,5699,2025-01-25 08:26:00,5699.0,5699.0,refunded above order value,1833
VR892559,"TK-248386, TK-248559, TK-249815, TK-250922, TK-251900",5,Chat Frontline + Returns Desk + Billing,"DUP-PAYMENT,RETURN-QC-OK,DUP-PAYMENT,DUP-PAYMENT,DUP-PAYMENT",7466.0,0,0,1799,2025-12-21 22:20:00,5667.0,5667.0,refunded above order value,1833
VR900561,"TK-241924, TK-242097",2,Returns Desk,"RETURN-QC-OK,RETURN-QC-OK",11198.0,0,0,5599,2025-05-08 23:52:00,5599.0,5599.0,refunded above order value,1833
VR883570,"TK-241951, TK-242755, TK-243332",3,Billing + Voice Frontline,DUP-PAYMENT,11048.0,2,5580,11048,2025-05-09 18:04:00,0.0,5580.0,refund+replacement,1833
VR892447,"TK-242558, TK-242709",2,Billing + Chat Frontline,"DUP-PAYMENT,CANCEL",11048.0,0,0,5524,2025-06-13 11:05:00,5524.0,5524.0,refunded above order value,1833
VR893269,"TK-246598, TK-246792",2,Email Frontline + Returns Desk,"CANCEL,RETURN-QC-OK",11048.0,0,0,5524,2025-11-05 22:38:00,5524.0,5524.0,refunded above order value,1833
VR899693,"TK-248583, TK-248717, TK-250380, TK-251421",4,Chat Frontline + Returns Desk,"CANCEL,RETURN-QC-OK,DOA-REPL",6543.0,1,1820,2974,2025-12-27 14:43:00,3569.0,5389.0,refund+replacement,1833
VR905598,"TK-245206, TK-245453, TK-246480, TK-247927",4,Billing + Returns Desk,"DUP-PAYMENT,RETURN-QC-OK,DUP-PAYMENT,DUP-PAYMENT",7872.0,0,0,2499,2025-09-30 11:01:00,5373.0,5373.0,refunded above order value,1833
VR886748,"TK-242214, TK-242279, TK-242337, TK-242463",4,Logistics + Returns Desk,"RETURN-QC-OK,RETURN-QC-OK",4748.0,2,2920,2374,2025-05-24 21:59:00,2374.0,5294.0,refund+replacement,1833
VR897564,"TK-251008, TK-251515, TK-254474",3,Billing + Returns Desk + Escalations & Warranty,"DUP-PAYMENT,RETURN-QC-OK",6648.0,1,1820,3324,2026-03-09 15:46:00,3324.0,5144.0,refund+replacement,1833
VR889657,"TK-247527, TK-248712",2,Returns Desk,"RETURN-QC-OK,RETURN-QC-OK",9998.0,0,0,4999,2025-11-29 19:16:00,4999.0,4999.0,refunded above order value,1833
VR893189,"TK-253135, TK-253929",2,Email Frontline + Billing,"DUP-PAYMENT,DUP-PAYMENT",9998.0,0,0,4999,2026-05-11 11:34:00,4999.0,4999.0,refunded above order value,1833
VR908174,"TK-243146, TK-243194, TK-243443",3,Billing,"DUP-PAYMENT,DUP-PAYMENT,DUP-PAYMENT",7497.0,0,0,2499,2025-07-16 11:39:00,4998.0,4998.0,refunded above order value,1833
VR888823,"TK-242317, TK-243155, TK-243627",3,Billing + Escalations & Warranty,DUP-PAYMENT,4749.0,2,4880,4749,2025-05-30 13:14:00,0.0,4880.0,refund+replacement,1833
VR898909,"TK-248150, TK-248402, TK-249149",3,Returns Desk,"RETURN-QC-OK,RETURN-QC-OK",7474.0,1,2790,6499,2025-12-15 13:20:00,975.0,3765.0,refund+replacement,1833
VR907371,"TK-243898, TK-243994, TK-245054",3,Billing,"DUP-PAYMENT,DUP-PAYMENT,DUP-PAYMENT",6980.0,0,0,3324,2025-08-17 14:36:00,3656.0,3656.0,refunded above order value,1833
VR907674,"TK-243848, TK-244415, TK-245601",3,Voice Frontline + Chat Frontline,DOA-REPL,1487.0,2,3640,2974,2025-08-15 19:44:00,0.0,3640.0,refund+replacement,1833
VR903676,"TK-248657, TK-249489, TK-250011",3,Billing,"DUP-PAYMENT,DUP-PAYMENT,DUP-PAYMENT",6770.0,0,0,3149,2025-12-29 18:01:00,3621.0,3621.0,refunded above order value,1833
VR881719,"TK-241952, TK-242683, TK-242935",3,Returns Desk + Logistics,"RETURN-QC-OK,RETURN-QC-OK",4248.0,1,1460,2124,2025-05-09 18:27:00,2124.0,3584.0,refund+replacement,1833
VR883589,"TK-241813, TK-241889, TK-242395, TK-242826",4,Logistics,CANCEL,1599.0,3,3570,1599,2025-05-02 14:39:00,0.0,3570.0,refund+replacement,1833
VR888324,"TK-250872, TK-252288",2,Billing,"DUP-PAYMENT,DUP-PAYMENT",6998.0,0,0,3499,2026-03-05 11:27:00,3499.0,3499.0,refunded above order value,1833
VR905037,"TK-245293, TK-246971",2,Returns Desk,"RETURN-QC-OK,RETURN-QC-OK",6998.0,0,0,3499,2025-10-02 21:14:00,3499.0,3499.0,refunded above order value,1833
VR905692,"TK-251164, TK-251311",2,Chat Frontline + Returns Desk,"DUP-PAYMENT,RETURN-QC-OK",6998.0,0,0,3499,2026-03-13 19:57:00,3499.0,3499.0,refunded above order value,1833
VR895318,"TK-250469, TK-250512",2,Billing + Chat Frontline,"DUP-PAYMENT,CANCEL",6998.0,0,0,3499,2026-02-22 07:01:00,3499.0,3499.0,refunded above order value,1833
VR901066,"TK-253599, TK-253761, TK-254144",3,Logistics,"DOA-REPL,DOA-REPL",3998.0,1,1460,1999,2026-05-23 14:56:00,1999.0,3459.0,refund+replacement,1833
VR902405,"TK-241193, TK-241236, TK-241494",3,Billing + Returns Desk,"RETURN-QC-OK,RETURN-QC-OK",5999.0,1,2440,4999,2025-03-27 14:45:00,1000.0,3440.0,refund+replacement,1833
VR898792,"TK-244109, TK-244642",2,Billing,"DUP-PAYMENT,DUP-PAYMENT",6648.0,0,0,3324,2025-08-25 09:24:00,3324.0,3324.0,refunded above order value,1833
VR902079,"TK-252843, TK-252996",2,Billing,"DUP-PAYMENT,DUP-PAYMENT",6648.0,0,0,3324,2026-05-01 19:38:00,3324.0,3324.0,refunded above order value,1833
VR880705,"TK-250873, TK-251431, TK-251833",3,Returns Desk + Voice Frontline,"RETURN-QC-OK,CANCEL",3998.0,1,1320,1999,2026-03-05 11:37:00,1999.0,3319.0,refund+replacement,1833
VR881198,"TK-253989, TK-254517",2,Returns Desk,"RETURN-QC-OK,RETURN-QC-OK",6298.0,0,0,3149,2026-06-04 09:26:00,3149.0,3149.0,refunded above order value,1833
VR891399,"TK-247559, TK-247846",2,Logistics + Billing,"RETURN-QC-OK,DUP-PAYMENT",6298.0,0,0,3149,2025-11-30 12:20:00,3149.0,3149.0,refunded above order value,1833
VR891549,"TK-251534, TK-251956",2,Returns Desk,"RETURN-QC-OK,RETURN-QC-OK",6298.0,0,0,3149,2026-03-24 19:51:00,3149.0,3149.0,refunded above order value,1833
VR882265,"TK-247769, TK-247830, TK-248240",3,Returns Desk + Logistics,"RETURN-QC-OK,RETURN-QC-OK,RETURN-QC-OK",5498.0,0,0,2499,2025-12-05 09:12:00,2999.0,2999.0,refunded above order value,1833
VR896390,"TK-241678, TK-243043",2,Logistics + Chat Frontline,DOA-REPL,6299.0,1,2990,6299,2025-04-24 14:04:00,0.0,2990.0,refund+replacement,1833
VR885351,"TK-241552, TK-242522",2,Billing + Chat Frontline,RETURN-QC-OK,3150.0,1,2990,6299,2025-04-18 15:18:00,0.0,2990.0,refund+replacement,1833
VR894305,"TK-247995, TK-248978",2,Returns Desk + Voice Frontline,RETURN-QC-OK,5949.0,1,2990,5949,2025-12-11 11:57:00,0.0,2990.0,refund+replacement,1833
VR901899,"TK-247287, TK-247440",2,Logistics + Returns Desk,RETURN-QC-OK,5599.0,1,2990,5599,2025-11-23 20:17:00,0.0,2990.0,refund+replacement,1833
VR905521,"TK-242579, TK-243362",2,Billing + Email Frontline,DUP-PAYMENT,1120.0,1,2990,5599,2025-06-14 18:08:00,0.0,2990.0,refund+replacement,1833
VR883464,"TK-240429, TK-240438",2,Logistics,RETURN-QC-OK,1400.0,1,2990,13998,2025-02-05 15:22:00,0.0,2990.0,refund+replacement,1833
VR899004,"TK-249961, TK-250096",2,Returns Desk + Chat Frontline,"RETURN-QC-OK,CANCEL",5948.0,0,0,2974,2026-02-06 19:37:00,2974.0,2974.0,refunded above order value,1833
VR886458,"TK-242196, TK-242306, TK-242717",3,Logistics + Email Frontline,CANCEL,2499.0,2,2920,2499,2025-05-24 08:46:00,0.0,2920.0,refund+replacement,1833
VR908921,"TK-245621, TK-246040",2,Billing,"DUP-PAYMENT,RETURN-QC-OK",5598.0,0,0,2799,2025-10-12 19:22:00,2799.0,2799.0,refunded above order value,1833
VR886507,"TK-246663, TK-253749",2,Returns Desk,RETURN-QC-OK,6499.0,1,2790,6499,2025-11-07 21:34:00,0.0,2790.0,refund+replacement,1833
VR888453,"TK-242478, TK-242760",2,Email Frontline + Escalations & Warranty,WTY-BUYBACK,6499.0,1,2790,6499,2025-06-08 18:19:00,0.0,2790.0,refund+replacement,1833
VR883519,"TK-250167, TK-251403",2,Logistics + Billing,DUP-PAYMENT,585.0,1,2790,5849,2026-02-12 18:13:00,0.0,2790.0,refund+replacement,1833
VR880710,"TK-242022, TK-243161",2,Returns Desk + Chat Frontline,RETURN-QC-OK,6499.0,1,2790,6499,2025-05-13 16:26:00,0.0,2790.0,refund+replacement,1833
VR883260,"TK-242235, TK-243578",2,Escalations & Warranty,WTY-BUYBACK,6499.0,1,2790,6499,2025-05-26 09:04:00,0.0,2790.0,refund+replacement,1833
VR899176,"TK-244798, TK-245134",2,Escalations & Warranty + Returns Desk,RETURN-QC-OK,6499.0,1,2790,6499,2025-09-16 10:18:00,0.0,2790.0,refund+replacement,1833
VR902740,"TK-246286, TK-247383",2,Returns Desk + Logistics,RETURN-QC-OK,5199.0,1,2790,5199,2025-10-29 20:46:00,0.0,2790.0,refund+replacement,1833
VR909104,"TK-249502, TK-250045",2,Escalations & Warranty,GW-OTHER,5199.0,1,2790,5199,2026-01-23 12:38:00,0.0,2790.0,refund+replacement,1833
VR892938,"TK-241922, TK-241934",2,Chat Frontline + Returns Desk,"DUP-PAYMENT,RETURN-QC-OK",7799.0,0,0,5199,2025-05-08 21:08:00,2600.0,2600.0,refunded above order value,1833
VR884071,"TK-251593, TK-252423, TK-253171",3,Billing + Returns Desk,"RETURN-QC-OK,RETURN-QC-OK,RETURN-QC-OK",4835.0,0,0,2249,2026-03-26 16:06:00,2586.0,2586.0,refunded above order value,1833
VR893834,"TK-248479, TK-248777, TK-253187",3,Billing + Voice Frontline + Chat Frontline,"DUP-PAYMENT,CANCEL",4199.0,1,1820,3499,2025-12-24 18:55:00,700.0,2520.0,refund+replacement,1833
VR908065,"TK-240644, TK-241486",2,Email Frontline + Billing,"CANCEL,PRICE-ADJ",4998.0,0,0,2499,2025-02-20 22:49:00,2499.0,2499.0,refunded above order value,1833
VR884254,"TK-251564, TK-252422",2,Returns Desk,"RETURN-QC-OK,RETURN-QC-OK",4998.0,0,0,2499,2026-03-25 19:10:00,2499.0,2499.0,refunded above order value,1833
VR880906,"TK-243278, TK-243801, TK-244706",3,Logistics + Returns Desk,"RETURN-QC-OK,RETURN-QC-OK",2998.0,1,950,1499,2025-07-23 11:36:00,1499.0,2449.0,refund+replacement,1833
VR880347,"TK-244010, TK-244560, TK-245132",3,Logistics + Returns Desk,"RETURN-QC-OK,RETURN-QC-OK",2998.0,1,950,1499,2025-08-21 18:03:00,1499.0,2449.0,refund+replacement,1833
VR908278,"TK-253357, TK-254137, TK-254892",3,Logistics,"DOA-REPL,DOA-REPL",2998.0,1,950,1499,2026-05-17 07:31:00,1499.0,2449.0,refund+replacement,1833
VR895014,"TK-249978, TK-250940",2,Logistics + Returns Desk,RETURN-QC-OK,4999.0,1,2440,4999,2026-02-07 11:08:00,0.0,2440.0,refund+replacement,1833
VR894759,"TK-248417, TK-250419",2,Logistics + Chat Frontline,LOST-TRANSIT,4999.0,1,2440,4999,2025-12-23 08:56:00,0.0,2440.0,refund+replacement,1833
VR895500,"TK-251231, TK-251769",2,Escalations & Warranty + Logistics,LOST-TRANSIT,850.0,1,2440,4249,2026-03-15 14:45:00,0.0,2440.0,refund+replacement,1833
VR899966,"TK-254503, TK-254572, TK-254855",3,Billing + Logistics + Returns Desk,"PRICE-ADJ,RETURN-QC-OK",3569.0,1,1820,2974,2026-06-20 01:29:00,595.0,2415.0,refund+replacement,1833
VR907448,"TK-246745, TK-248306, TK-249739",3,Logistics,RETURN-QC-OK,3598.0,2,2380,3598,2025-11-10 07:49:00,0.0,2380.0,refund+replacement,1833
VR907329,"TK-245120, TK-245413, TK-247077",3,Returns Desk,"RETURN-QC-OK,RETURN-QC-OK,RETURN-QC-OK",4298.0,0,0,1999,2025-09-27 12:58:00,2299.0,2299.0,refunded above order value,1833
VR885770,"TK-247557, TK-249036, TK-249540",3,Logistics,"DOA-REPL,DOA-REPL",3621.0,1,1820,3149,2025-11-30 12:09:00,472.0,2292.0,refund+replacement,1833
VR896224,"TK-242372, TK-242398",2,Billing + Logistics,DUP-PAYMENT,4999.0,1,2240,4999,2025-06-02 13:51:00,0.0,2240.0,refund+replacement,1833
VR887801,"TK-243020, TK-243152, TK-243165, TK-243439",4,Chat Frontline + Billing + Logistics + Returns Desk,"CANCEL,DUP-PAYMENT",1799.0,2,1900,1499,2025-07-10 09:41:00,300.0,2200.0,refund+replacement,1833
VR882058,"TK-244536, TK-244632",2,Escalations & Warranty + Billing,"DOA-REPL,DUP-PAYMENT",4248.0,0,0,2124,2025-09-07 14:26:00,2124.0,2124.0,refunded above order value,1833
VR888409,"TK-253942, TK-254241",2,Logistics + Returns Desk,"DOA-REPL,RETURN-QC-OK",4248.0,0,0,2124,2026-06-02 14:47:00,2124.0,2124.0,refunded above order value,1833
VR899774,"TK-240653, TK-244586",2,Returns Desk,"RETURN-QC-OK,RETURN-QC-OK",4248.0,0,0,2124,2025-02-21 14:44:00,2124.0,2124.0,refunded above order value,1833
VR884951,"TK-244893, TK-244940",2,Logistics,"RETURN-QC-OK,DOA-REPL",3998.0,0,0,1999,2025-09-19 21:24:00,1999.0,1999.0,refunded above order value,1833
VR887289,"TK-252950, TK-254191",2,Billing,"DUP-PAYMENT,DUP-PAYMENT",3998.0,0,0,1999,2026-05-05 08:45:00,1999.0,1999.0,refunded above order value,1833
VR883808,"TK-241935, TK-242387, TK-242995",3,Billing,"DUP-PAYMENT,DUP-PAYMENT,DUP-PAYMENT",3364.0,0,0,1529,2025-05-09 10:00:00,1835.0,1835.0,refunded above order value,1833
VR891921,"TK-252370, TK-253837",2,Logistics + Billing,DUP-PAYMENT,3499.0,1,1820,3499,2026-04-17 10:13:00,0.0,1820.0,refund+replacement,1833
VR889077,"TK-249534, TK-250296",2,Chat Frontline + Voice Frontline,CANCEL,3149.0,1,1820,3149,2026-01-24 10:13:00,0.0,1820.0,refund+replacement,1833
VR883193,"TK-253701, TK-254666",2,Chat Frontline + Returns Desk,RETURN-QC-OK,2799.0,1,1820,2799,2026-05-26 15:47:00,0.0,1820.0,refund+replacement,1833
VR880870,"TK-246128, TK-246242",2,Logistics,DOA-REPL,6998.0,1,1820,6998,2025-10-25 20:48:00,0.0,1820.0,refund+replacement,1833
VR882324,"TK-246121, TK-246145",2,Billing + Returns Desk,DUP-PAYMENT,350.0,1,1820,3499,2025-10-25 17:38:00,0.0,1820.0,refund+replacement,1833
VR888654,"TK-253395, TK-254328",2,Billing + Logistics,DUP-PAYMENT,525.0,1,1820,3499,2026-05-17 19:54:00,0.0,1820.0,refund+replacement,1833
VR908861,TK-244372,1,Email Frontline,GW-OTHER,2974.0,1,1820,2974,2025-09-02 14:01:00,0.0,1820.0,refund+replacement,1833
VR901679,"TK-248209, TK-248373",2,Voice Frontline + Logistics,LOST-TRANSIT,1190.0,1,1820,5948,2025-12-16 21:38:00,0.0,1820.0,refund+replacement,1833
VR901034,"TK-244712, TK-244991",2,Email Frontline,WTY-BUYBACK,2974.0,1,1820,2974,2025-09-13 15:33:00,0.0,1820.0,refund+replacement,1833
VR895383,"TK-244796, TK-247047",2,Email Frontline,CANCEL,1190.0,1,1820,5948,2025-09-16 09:40:00,0.0,1820.0,refund+replacement,1833
VR897347,"TK-249877, TK-249970",2,Logistics,DOA-REPL,2974.0,1,1820,2974,2026-02-03 17:50:00,0.0,1820.0,refund+replacement,1833
VR898724,"TK-244738, TK-248481",2,Returns Desk + Email Frontline,RETURN-QC-OK,350.0,1,1820,3499,2025-09-14 09:53:00,0.0,1820.0,refund+replacement,1833
VR894627,"TK-244209, TK-244826",2,Logistics + Returns Desk,RETURN-QC-OK,3149.0,1,1820,3149,2025-08-28 16:39:00,0.0,1820.0,refund+replacement,1833
VR887918,"TK-246269, TK-246656",2,Logistics,RETURN-QC-OK,3499.0,1,1820,3499,2025-10-29 13:04:00,0.0,1820.0,refund+replacement,1833
VR887413,"TK-253928, TK-254086",2,Returns Desk + Chat Frontline,RETURN-QC-OK,350.0,1,1820,3499,2026-06-02 02:12:00,0.0,1820.0,refund+replacement,1833
VR885453,TK-252411,1,Logistics,RETURN-QC-OK,3499.0,1,1820,3499,2026-04-18 18:29:00,0.0,1820.0,refund+replacement,1833
VR885941,"TK-252462, TK-254674",2,Logistics + Chat Frontline,CANCEL,2974.0,1,1820,2974,2026-04-19 22:54:00,0.0,1820.0,refund+replacement,1833
VR893157,"TK-246634, TK-247059",2,Logistics + Escalations & Warranty,DOA-REPL,3149.0,1,1820,3149,2025-11-07 09:33:00,0.0,1820.0,refund+replacement,1833
VR894666,"TK-247332, TK-247705",2,Returns Desk + Escalations & Warranty,RETURN-QC-OK,3499.0,1,1820,3499,2025-11-24 18:50:00,0.0,1820.0,refund+replacement,1833
VR892276,"TK-249119, TK-249743",2,Billing + Logistics,CANCEL,3499.0,1,1820,3499,2026-01-12 11:03:00,0.0,1820.0,refund+replacement,1833
VR888677,"TK-245872, TK-246164",2,Billing + Chat Frontline,"PRICE-ADJ,PRICE-ADJ",3598.0,0,0,1799,2025-10-19 11:43:00,1799.0,1799.0,refunded above order value,1833
VR882517,"TK-250506, TK-252986",2,Billing + Escalations & Warranty,"DUP-PAYMENT,DOA-REPL",3598.0,0,0,1799,2026-02-22 23:30:00,1799.0,1799.0,refunded above order value,1833
VR909377,"TK-251655, TK-252183",2,Voice Frontline + Billing,"CANCEL,RETURN-QC-OK",5249.0,0,0,3499,2026-03-28 12:22:00,1750.0,1750.0,refunded above order value,1833
VR904282,"TK-246264, TK-247042",2,Returns Desk + Billing,"RETURN-QC-OK,RETURN-QC-OK",5249.0,0,0,3499,2025-10-29 11:33:00,1750.0,1750.0,refunded above order value,1833
VR909955,"TK-243952, TK-244457, TK-244774",3,Logistics + Returns Desk + Chat Frontline,"LOST-TRANSIT,RETURN-QC-OK",2336.0,1,1320,2124,2025-08-19 13:06:00,212.0,1532.0,refund+replacement,1833
VR883296,"TK-244822, TK-244951",2,Billing + Chat Frontline,"PRICE-ADJ,DUP-PAYMENT",2998.0,0,0,1499,2025-09-16 23:15:00,1499.0,1499.0,refunded above order value,1833
VR894643,"TK-253540, TK-254118",2,Voice Frontline + Logistics,"WTY-BUYBACK,RETURN-QC-OK",4461.0,0,0,2974,2026-05-21 20:29:00,1487.0,1487.0,refunded above order value,1833
VR904160,"TK-251776, TK-252399",2,Billing,"DUP-PAYMENT,DUP-PAYMENT",4461.0,0,0,2974,2026-03-31 19:54:00,1487.0,1487.0,refunded above order value,1833
VR888245,"TK-243422, TK-244494",2,Returns Desk + Voice Frontline,RETURN-QC-OK,2249.0,1,1460,2249,2025-07-30 10:04:00,0.0,1460.0,refund+replacement,1833
VR897301,"TK-241611, TK-250571",2,Chat Frontline + Email Frontline,DOA-REPL,237.0,1,1460,2374,2025-04-21 16:12:00,0.0,1460.0,refund+replacement,1833
VR899504,"TK-244997, TK-247310",2,Billing + Chat Frontline,DUP-PAYMENT,2499.0,1,1460,2499,2025-09-23 12:13:00,0.0,1460.0,refund+replacement,1833
VR884712,"TK-249898, TK-250683",2,Chat Frontline,DOA-REPL,500.0,1,1460,2499,2026-02-04 09:55:00,0.0,1460.0,refund+replacement,1833
VR890222,"TK-249230, TK-249393",2,Email Frontline,GW-OTHER,1999.0,1,1460,1999,2026-01-15 14:16:00,0.0,1460.0,refund+replacement,1833
VR909192,"TK-247646, TK-251207",2,Chat Frontline,GW-OTHER,425.0,1,1460,2124,2025-12-02 12:52:00,0.0,1460.0,refund+replacement,1833
VR909157,"TK-247857, TK-247926",2,Billing + Chat Frontline,PRICE-ADJ,2249.0,1,1460,2249,2025-12-07 14:27:00,0.0,1460.0,refund+replacement,1833
VR908098,"TK-249354, TK-250240",2,Returns Desk + Email Frontline,RETURN-QC-OK,2499.0,1,1460,2499,2026-01-18 23:53:00,0.0,1460.0,refund+replacement,1833
VR895980,"TK-250426, TK-250581",2,Returns Desk + Billing,DUP-PAYMENT,2374.0,1,1460,2374,2026-02-20 15:05:00,0.0,1460.0,refund+replacement,1833
VR894168,"TK-251499, TK-252108",2,Returns Desk + Logistics,RETURN-QC-OK,425.0,1,1460,2124,2026-03-23 18:15:00,0.0,1460.0,refund+replacement,1833
VR897894,"TK-243241, TK-243335",2,Returns Desk + Chat Frontline,DUP-PAYMENT,2499.0,1,1460,2499,2025-07-21 20:16:00,0.0,1460.0,refund+replacement,1833
VR899099,"TK-245878, TK-246033",2,Logistics + Returns Desk,RETURN-QC-OK,2499.0,1,1460,2499,2025-10-19 12:38:00,0.0,1460.0,refund+replacement,1833
VR894604,"TK-251158, TK-251750",2,Returns Desk + Escalations & Warranty,RETURN-QC-OK,1999.0,1,1460,1999,2026-03-13 18:27:00,0.0,1460.0,refund+replacement,1833
VR886452,"TK-247437, TK-248491",2,Logistics + Billing,"DOA-REPL,DUP-PAYMENT",8399.0,0,0,6999,2025-11-27 18:00:00,1400.0,1400.0,refunded above order value,1833
VR887633,"TK-244480, TK-244921, TK-244944, TK-245088",4,Email Frontline + Chat Frontline + Returns Desk + Billing,"DUP-PAYMENT,DUP-PAYMENT,RETURN-QC-OK,DUP-PAYMENT",4899.0,0,0,3499,2025-09-06 07:10:00,1400.0,1400.0,refunded above order value,1833
VR892778,TK-241405,1,Logistics,RETURN-QC-OK,2499.0,1,1320,2499,2025-04-09 10:38:00,0.0,1320.0,refund+replacement,1833
VR894971,"TK-242662, TK-242813",2,Billing + Logistics,PRICE-ADJ,2124.0,1,1320,2124,2025-06-18 20:46:00,0.0,1320.0,refund+replacement,1833
VR908943,"TK-243459, TK-250588",2,Escalations & Warranty + Email Frontline,WTY-BUYBACK,4998.0,1,1320,4998,2025-07-31 14:49:00,0.0,1320.0,refund+replacement,1833
VR906674,"TK-243117, TK-245370",2,Email Frontline + Chat Frontline,CANCEL,2499.0,1,1320,2499,2025-07-15 09:59:00,0.0,1320.0,refund+replacement,1833
VR898760,"TK-241969, TK-242110",2,Billing + Logistics,DUP-PAYMENT,4998.0,1,1320,4998,2025-05-10 12:31:00,0.0,1320.0,refund+replacement,1833
VR901421,"TK-248428, TK-250165",2,Logistics + Chat Frontline,DOA-REPL,2499.0,1,1320,2499,2025-12-23 15:44:00,0.0,1320.0,refund+replacement,1833
VR906459,"TK-249903, TK-250339",2,Billing + Logistics,CANCEL,2374.0,1,1320,2374,2026-02-04 12:29:00,0.0,1320.0,refund+replacement,1833
VR901904,"TK-246092, TK-246581",2,Billing,"DUP-PAYMENT,DUP-PAYMENT",2598.0,0,0,1299,2025-10-25 08:33:00,1299.0,1299.0,refunded above order value,1833
VR903265,"TK-248384, TK-248768",2,Billing,"DUP-PAYMENT,DUP-PAYMENT",2598.0,0,0,1299,2025-12-21 20:49:00,1299.0,1299.0,refunded above order value,1833
VR891188,"TK-241005, TK-241038",2,Email Frontline + Billing,"CANCEL,PRICE-ADJ",2548.0,0,0,1274,2025-03-16 15:38:00,1274.0,1274.0,refunded above order value,1833
VR898045,"TK-243832, TK-247007",2,Billing,"RETURN-QC-OK,DUP-PAYMENT",3749.0,0,0,2499,2025-08-15 14:09:00,1250.0,1250.0,refunded above order value,1833
VR882467,"TK-252802, TK-253064",2,Email Frontline + Returns Desk,"CANCEL,RETURN-QC-OK",2468.0,0,0,1234,2026-04-30 10:17:00,1234.0,1234.0,refunded above order value,1833
VR893948,"TK-245518, TK-247345",2,Returns Desk,"RETURN-QC-OK,RETURN-QC-OK",7199.0,0,0,5999,2025-10-10 03:08:00,1200.0,1200.0,refunded above order value,1833
VR889088,"TK-251243, TK-251457",2,Billing + Returns Desk,"PRICE-ADJ,RETURN-QC-OK",7199.0,0,0,5999,2026-03-15 22:02:00,1200.0,1200.0,refunded above order value,1833
VR880811,"TK-245724, TK-253050",2,Returns Desk + Email Frontline,RETURN-QC-OK,400.0,1,1190,1999,2025-10-15 11:47:00,0.0,1190.0,refund+replacement,1833
VR901563,"TK-242998, TK-247432",2,Chat Frontline + Escalations & Warranty,CANCEL,200.0,1,1190,1999,2025-07-08 23:03:00,0.0,1190.0,refund+replacement,1833
VR896187,"TK-241099, TK-241108",2,Logistics,LOST-TRANSIT,1799.0,1,1190,1799,2025-03-21 18:56:00,0.0,1190.0,refund+replacement,1833
VR887745,"TK-244937, TK-245253",2,Billing + Escalations & Warranty,DUP-PAYMENT,1899.0,1,1190,1899,2025-09-21 09:38:00,0.0,1190.0,refund+replacement,1833
VR886803,"TK-245400, TK-246314",2,Returns Desk + Escalations & Warranty,RETURN-QC-OK,1999.0,1,1190,1999,2025-10-06 13:22:00,0.0,1190.0,refund+replacement,1833
VR903556,"TK-243944, TK-244282",2,Billing + Returns Desk,"CANCEL,RETURN-QC-OK",2338.0,0,0,1169,2025-08-19 08:15:00,1169.0,1169.0,refunded above order value,1833
VR880806,"TK-250741, TK-252294",2,Billing + Chat Frontline,DUP-PAYMENT,153.0,1,1100,1529,2026-03-01 12:33:00,0.0,1100.0,refund+replacement,1833
VR883328,TK-250483,1,Logistics,DOA-REPL,2878.0,1,1100,2878,2026-02-22 11:42:00,0.0,1100.0,refund+replacement,1833
VR907156,"TK-251820, TK-254578",2,Logistics + Chat Frontline,RETURN-QC-OK,1709.0,1,1100,1709,2026-04-02 10:52:00,0.0,1100.0,refund+replacement,1833
VR884993,"TK-242560, TK-242635",2,Logistics + Returns Desk,RETURN-QC-OK,1709.0,1,1100,1709,2025-06-13 13:41:00,0.0,1100.0,refund+replacement,1833
VR882721,"TK-240556, TK-240869",2,Chat Frontline + Returns Desk,RETURN-QC-OK,1799.0,1,1100,1799,2025-02-13 23:19:00,0.0,1100.0,refund+replacement,1833
VR892121,"TK-252261, TK-252696",2,Voice Frontline + Billing,"DUP-PAYMENT,RETURN-QC-OK",2078.0,0,0,1039,2026-04-14 14:05:00,1039.0,1039.0,refunded above order value,1833
VR906762,"TK-247636, TK-249208",2,Returns Desk,"RETURN-QC-OK,RETURN-QC-OK",2999.0,0,0,1999,2025-12-02 10:14:00,1000.0,1000.0,refunded above order value,1833
VR899069,"TK-240993, TK-241022",2,Chat Frontline + Billing,"CANCEL,DUP-PAYMENT",7474.0,0,0,6499,2025-03-15 16:37:00,975.0,975.0,refunded above order value,1833
VR906063,"TK-248273, TK-248637",2,Chat Frontline + Logistics,CANCEL,150.0,1,950,1499,2025-12-18 17:47:00,0.0,950.0,refund+replacement,1833
VR884997,"TK-240249, TK-240677",2,Logistics + Returns Desk,RETURN-QC-OK,637.0,1,950,1274,2025-01-22 14:59:00,0.0,950.0,refund+replacement,1833
VR906306,"TK-247001, TK-247436",2,Logistics,LOST-TRANSIT,1299.0,1,880,1299,2025-11-16 20:45:00,0.0,880.0,refund+replacement,1833
VR904411,"TK-240356, TK-240382",2,Chat Frontline + Logistics,CANCEL,1169.0,1,880,1169,2025-01-30 15:58:00,0.0,880.0,refund+replacement,1833
VR893890,"TK-251799, TK-252413",2,Billing + Email Frontline,"CANCEL,DUP-PAYMENT",6726.0,0,0,5849,2026-04-01 15:01:00,877.0,877.0,refunded above order value,1833
VR901164,"TK-253876, TK-254364",2,Returns Desk,"RETURN-QC-OK,RETURN-QC-OK",4199.0,0,0,3499,2026-05-31 16:51:00,700.0,700.0,refunded above order value,1833
VR893387,"TK-243465, TK-254645",2,Returns Desk + Email Frontline,"RETURN-QC-OK,GW-OTHER",4199.0,0,0,3499,2025-07-31 19:31:00,700.0,700.0,refunded above order value,1833
VR893160,"TK-254193, TK-254490",2,Chat Frontline + Billing,"CANCEL,DUP-PAYMENT",4199.0,0,0,3499,2026-06-10 09:50:00,700.0,700.0,refunded above order value,1833
VR904501,"TK-241024, TK-241120",2,Billing + Returns Desk,"DUP-PAYMENT,RETURN-QC-OK",5174.0,0,0,4499,2025-03-17 17:07:00,675.0,675.0,refunded above order value,1833
VR901474,"TK-248356, TK-249353",2,Billing,"DUP-PAYMENT,DUP-PAYMENT",3989.0,0,0,3324,2025-12-20 22:11:00,665.0,665.0,refunded above order value,1833
VR895306,"TK-247499, TK-248610",2,Billing,"RETURN-QC-OK,RETURN-QC-OK",3569.0,0,0,2974,2025-11-29 08:13:00,595.0,595.0,refunded above order value,1833
VR880037,"TK-242526, TK-242552",2,Logistics,"LOST-TRANSIT,RETURN-QC-OK",5939.0,0,0,5399,2025-06-11 09:44:00,540.0,540.0,refunded above order value,1833
VR892534,"TK-243686, TK-244005",2,Logistics + Billing,"DOA-REPL,RETURN-QC-OK",4024.0,0,0,3499,2025-08-10 18:23:00,525.0,525.0,refunded above order value,1833
VR882055,"TK-246823, TK-247429",2,Billing,"DUP-PAYMENT,DUP-PAYMENT",4024.0,0,0,3499,2025-11-12 08:00:00,525.0,525.0,refunded above order value,1833
VR906861,"TK-244852, TK-245363",2,Billing + Returns Desk,"PRICE-ADJ,RETURN-QC-OK",4024.0,0,0,3499,2025-09-17 21:59:00,525.0,525.0,refunded above order value,1833
VR899547,"TK-246326, TK-246905",2,Billing,"DUP-PAYMENT,RETURN-QC-OK",3219.0,0,0,2799,2025-10-31 09:33:00,420.0,420.0,refunded above order value,1833
VR894544,"TK-245908, TK-246204",2,Logistics,"CANCEL,DOA-REPL",1943.0,0,0,1619,2025-10-20 10:00:00,324.0,324.0,refunded above order value,1833
VR905391,"TK-250370, TK-250538",2,Returns Desk,"RETURN-QC-OK,RETURN-QC-OK",3464.0,0,0,3149,2026-02-19 08:59:00,315.0,315.0,refunded above order value,1833
VR897678,"TK-248937, TK-249095",2,Billing,"RETURN-QC-OK,RETURN-QC-OK",3271.0,0,0,2974,2026-01-07 11:59:00,297.0,297.0,refunded above order value,1833
VR889472,"TK-250331, TK-250428",2,Billing + Logistics,"DUP-PAYMENT,LOST-TRANSIT",1559.0,0,0,1299,2026-02-18 09:39:00,260.0,260.0,refunded above order value,1833
VR900646,"TK-244079, TK-244790",2,Chat Frontline + Logistics,"CANCEL,LOST-TRANSIT",2749.0,0,0,2499,2025-08-23 17:31:00,250.0,250.0,refunded above order value,1833
VR888903,"TK-242785, TK-243136",2,Voice Frontline + Chat Frontline,"CANCEL,DOA-REPL",2611.0,0,0,2374,2025-06-25 11:00:00,237.0,237.0,refunded above order value,1833
VR882643,"TK-247253, TK-248389",2,Billing,"DUP-PAYMENT,DUP-PAYMENT",2199.0,0,0,1999,2025-11-22 20:18:00,200.0,200.0,refunded above order value,1833
VR897168,"TK-252617, TK-252963",2,Logistics,"RETURN-QC-OK,RETURN-QC-OK",2199.0,0,0,1999,2026-04-24 10:37:00,200.0,200.0,refunded above order value,1833
VR901634,"TK-240219, TK-240338",2,Billing + Returns Desk,"CANCEL,RETURN-QC-OK",2199.0,0,0,1999,2025-01-20 13:54:00,200.0,200.0,refunded above order value,1833
VR897755,"TK-252138, TK-252251",2,Billing,"CANCEL,DUP-PAYMENT",1494.0,0,0,1299,2026-04-10 21:40:00,195.0,195.0,refunded above order value,1833
VR891685,"TK-253954, TK-254184",2,Returns Desk + Billing,"RETURN-QC-OK,RETURN-QC-OK",1419.0,0,0,1234,2026-06-02 18:37:00,185.0,185.0,refunded above order value,1833
VR892340,"TK-246278, TK-246603",2,Returns Desk,"RETURN-QC-OK,RETURN-QC-OK",1344.0,0,0,1169,2025-10-29 18:22:00,175.0,175.0,refunded above order value,1833
VR891847,"TK-242064, TK-242383",2,Billing,"DUP-PAYMENT,DUP-PAYMENT",1270.0,0,0,1104,2025-05-17 08:26:00,166.0,166.0,refunded above order value,1833
VR908788,"TK-244588, TK-244981",2,Chat Frontline + Returns Desk,"CANCEL,RETURN-QC-OK",436.0,0,0,379,2025-09-09 06:59:00,57.0,57.0,refunded above order value,1833
